{
  "rmse": 205399.68348932234,
  "mae": 127999.83389267445,
  "r2": 0.7036587547733546
}
