{
  "rmse": 119600.19785593337,
  "mae": 65812.40546368869,
  "r2": 0.8995253834094918
}
